sample_id,geo_accession,titulo_original,sexo,enfermedad_original,cohorte_original
2683,GSM3615293,NAFL_1,Male,NAFLD,NAFL_esteatosis
2685,GSM3615294,NAFL_2,Male,NAFLD,NAFL_esteatosis
2687,GSM3615295,NAFL_3,Male,NAFLD,NAFL_esteatosis
2689,GSM3615296,NAFL_4,Female,NAFLD,NAFL_esteatosis
2691,GSM3615297,NAFL_5,Female,NAFLD,NAFL_esteatosis
2693,GSM3615298,NAFL_6,Male,NAFLD,NAFL_esteatosis
2697,GSM3615299,NAFL_7,Male,NAFLD,NAFL_esteatosis
2701,GSM3615300,NAFL_8,Female,NAFLD,NAFL_esteatosis
2703,GSM3615301,NAFL_9,Male,NAFLD,NAFL_esteatosis
3993,GSM3615302,NAFL_10,Male,NAFLD,NAFL_esteatosis
3995,GSM3615303,NAFL_11,Male,NAFLD,NAFL_esteatosis
3998,GSM3615304,NAFL_12,Female,NAFLD,NAFL_esteatosis
4002,GSM3615305,NAFL_13,Female,NAFLD,NAFL_esteatosis
4007,GSM3615306,NAFL_14,Male,NAFLD,NAFL_esteatosis
4010,GSM3615307,NAFL_15,Female,NAFLD,NAFL_esteatosis
2684,GSM3615308,NASH_1,Male,NASH,NASH_MASH
2688,GSM3615309,NASH_2,Female,NASH,NASH_MASH
2692,GSM3615310,NASH_3,Male,NASH,NASH_MASH
2696,GSM3615311,NASH_4,Female,NASH,NASH_MASH
2698,GSM3615312,NASH_5,Male,NASH,NASH_MASH
2704,GSM3615313,NASH_6,Male,NASH,NASH_MASH
2705,GSM3615314,NASH_7,Male,NASH,NASH_MASH
3992,GSM3615315,NASH_8,Male,NASH,NASH_MASH
3994,GSM3615316,NASH_9,Male,NASH,NASH_MASH
3996,GSM3615317,NASH_10,Female,NASH,NASH_MASH
3997,GSM3615318,NASH_11,Female,NASH,NASH_MASH
4000,GSM3615319,NASH_12,Male,NASH,NASH_MASH
4004,GSM3615320,NASH_13,Male,NASH,NASH_MASH
4005,GSM3615321,NASH_14,Male,NASH,NASH_MASH
4006,GSM3615322,NASH_15,Male,NASH,NASH_MASH
4008,GSM3615323,NASH_16,Male,NASH,NASH_MASH
0869,GSM3615324,Normal-weight_1,Male,healthy,Normal_peso
0873,GSM3615325,Normal-weight_2,Male,healthy,Normal_peso
0875,GSM3615326,Normal-weight_3,Male,healthy,Normal_peso
0877,GSM3615327,Normal-weight_4,Male,healthy,Normal_peso
0879,GSM3615328,Normal-weight_5,Male,healthy,Normal_peso
0881,GSM3615329,Normal-weight_6,Male,healthy,Normal_peso
0883,GSM3615330,Normal-weight_7,Male,healthy,Normal_peso
0885,GSM3615331,Normal-weight_8,Male,healthy,Normal_peso
0887,GSM3615332,Normal-weight_9,Male,healthy,Normal_peso
0889,GSM3615333,Normal-weight_10,Male,healthy,Normal_peso
0891,GSM3615334,Normal-weight_11,Male,healthy,Normal_peso
0893,GSM3615335,Normal-weight_12,Male,healthy,Normal_peso
0897,GSM3615336,Normal-weight_13,Male,healthy,Normal_peso
0910,GSM3615337,Normal-weight_14,Male,healthy,Normal_peso
0872,GSM3615338,Obese_1,Male,obese,Obeso_sin_MASLD
0874,GSM3615339,Obese_2,Male,obese,Obeso_sin_MASLD
0876,GSM3615340,Obese_3,Male,obese,Obeso_sin_MASLD
0878,GSM3615341,Obese_4,Male,obese,Obeso_sin_MASLD
0886,GSM3615342,Obese_5,Male,obese,Obeso_sin_MASLD
0888,GSM3615343,Obese_6,Male,obese,Obeso_sin_MASLD
0890,GSM3615344,Obese_7,Male,obese,Obeso_sin_MASLD
0892,GSM3615345,Obese_8,Male,obese,Obeso_sin_MASLD
0894,GSM3615346,Obese_9,Male,obese,Obeso_sin_MASLD
0896,GSM3615347,Obese_10,Male,obese,Obeso_sin_MASLD
0898,GSM3615348,Obese_11,Male,obese,Obeso_sin_MASLD
0899,GSM3615349,Obese_12,Male,obese,Obeso_sin_MASLD
